<Message version="1.0" xmlns="http://www.surescripts.com/messaging">
<?xml-stylesheet href="XCss.css" type="text/css"?>
  <Header>
    <To>mailto:9999955.ncpdp@surescripts.com</To>
    <From>mailto:6255358965001.spi@surescripts.com</From>
    <MessageID>RxCure-0000000026</MessageID>
    <RelatesToMessageID>51564f24a8f24c3c94086486fcbfd6166</RelatesToMessageID>
    <SentTime>2006-12-04T22:20:39.0Z</SentTime>
  </Header>
  <Body>
    <RefillResponse>
      <RxReferenceNumber>7765I170789I1I0I2</RxReferenceNumber>
      <Response>
        <Approved>
          <Note />
        </Approved>
      </Response>
      <Pharmacy>
        <Identification>
          <NCPDPID>9999955</NCPDPID>
        </Identification>
        <StoreName>WALGREENS 7765</StoreName>
        <Pharmacist>
          <LastName>GLH</LastName>
          <FirstName>GLH</FirstName>
        </Pharmacist>
        <Address>
          <AddressLine1>47900 Washington St.</AddressLine1>
          <City>La Quinta</City>
          <State>CA</State>
          <ZipCode>922532209</ZipCode>
        </Address>
        <PhoneNumbers>
          <Phone>
            <Number>7607711526</Number>
            <Qualifier>TE</Qualifier>
          </Phone>
          <Phone>
            <Number>7607711774</Number>
            <Qualifier>FX</Qualifier>
          </Phone>
        </PhoneNumbers>
      </Pharmacy>
      <Prescriber>
        <Identification>
          <SPI>6255358965001</SPI>
          <DEANumber>BK5022948</DEANumber>
        </Identification>
        <ClinicName>6510339933001</ClinicName>
        <Name>
          <LastName>KAZI</LastName>
          <FirstName>MANZOOR</FirstName>
        </Name>
      </Prescriber>
      <Patient>
        <Name>
          <LastName>LEONHARD</LastName>
          <FirstName>KEVIN</FirstName>
          <MiddleName>A</MiddleName>
        </Name>
        <Gender>M</Gender>
        <DateOfBirth>19540308</DateOfBirth>
        <Address>
          <AddressLine1>46-735 WASHINGTON ST</AddressLine1>
          <City>LA QUINTA</City>
          <State>CA</State>
          <ZipCode>922532029</ZipCode>
        </Address>
        <PhoneNumbers>
          <Phone>
            <Number>7605643558</Number>
            <Qualifier>TE</Qualifier>
          </Phone>
        </PhoneNumbers>
      </Patient>
      <MedicationPrescribed>
        <DrugDescription>ONE TOUCH BLOOD GLUCOSE STRIP 100'S</DrugDescription>
        <DrugCoded>
          <ProductCode>53885037410</ProductCode>
          <ProductCodeQualifier>ND</ProductCodeQualifier>
        </DrugCoded>
        <Quantity>
          <Qualifier>EA</Qualifier>
          <Value>100</Value>
        </Quantity>
        <Directions>USE AS DIRECTED</Directions>
        <Refills>
          <Qualifier>R</Qualifier>
          <Quantity>1</Quantity>
        </Refills>
        <WrittenDate>20061205</WrittenDate>
        <LastFillDate>20060317</LastFillDate>
      </MedicationPrescribed>
    </RefillResponse>
  </Body>
</Message>