<?xml version="1.0" standalone="yes"?>
<NewDataSet>
  <Table>
    <PatientSuperBillId>291</PatientSuperBillId>
    <VisitDisplayDate>09/20/2010</VisitDisplayDate>
    <IsBatch>Y</IsBatch>
    <ClaimID>703</ClaimID>
    <ClaimDate>09/20/2010</ClaimDate>
    <VisitID>SB-2010-09-00011</VisitID>
    <VisitDate>09/20/2010</VisitDate>
    <Patientname>A1, A1</Patientname>
    <ENSStatus>Accepted</ENSStatus>
    <ID>291|239|6|703</ID>
    <ClaimType>Primary</ClaimType>
    <ClaimStatus>Open</ClaimStatus>
    <ClaimCount>0</ClaimCount>
    <HCFADisplayID>CL-2010-09-00005</HCFADisplayID>
    <VisitIDUnique>291</VisitIDUnique>
    <InsuranceCompany>Aetna Health Plans</InsuranceCompany>
    <Comments>edaada</Comments>
  </Table>
  <Table>
    <PatientSuperBillId>283</PatientSuperBillId>
    <VisitDisplayDate>09/09/2010</VisitDisplayDate>
    <IsBatch>Y</IsBatch>
    <ClaimID>700</ClaimID>
    <ClaimDate>09/09/2010</ClaimDate>
    <VisitID>SB-2010-09-00003</VisitID>
    <VisitDate>09/09/2010</VisitDate>
    <Patientname>Alam, Fawad</Patientname>
    <ENSStatus>Accepted</ENSStatus>
    <ID>283|312|6|700</ID>
    <ClaimType>Primary</ClaimType>
    <ClaimStatus>Open</ClaimStatus>
    <ClaimCount>0</ClaimCount>
    <HCFADisplayID>CL-2010-09-00002</HCFADisplayID>
    <VisitIDUnique>283</VisitIDUnique>
    <InsuranceCompany>Pacificare/Secure Horizons California</InsuranceCompany>
    <Comments />
  </Table>
  <Table>
    <PatientSuperBillId>284</PatientSuperBillId>
    <VisitDisplayDate>09/09/2010</VisitDisplayDate>
    <IsBatch>N</IsBatch>
    <ClaimID>701</ClaimID>
    <ClaimDate>09/09/2010</ClaimDate>
    <VisitID>SB-2010-09-00004</VisitID>
    <VisitDate>09/09/2010</VisitDate>
    <Patientname>Without Auth_no, Child</Patientname>
    <ENSStatus>Accepted</ENSStatus>
    <ID>284|6533|6|701</ID>
    <ClaimType>Primary</ClaimType>
    <ClaimStatus>Open</ClaimStatus>
    <ClaimCount>0</ClaimCount>
    <HCFADisplayID>CL-2010-09-00003</HCFADisplayID>
    <VisitIDUnique>284</VisitIDUnique>
    <InsuranceCompany>Abrazo</InsuranceCompany>
    <Comments>dsasdas</Comments>
  </Table>
  <Table>
    <PatientSuperBillId>285</PatientSuperBillId>
    <VisitDisplayDate>09/09/2010</VisitDisplayDate>
    <IsBatch>N</IsBatch>
    <ClaimID>702</ClaimID>
    <ClaimDate>09/09/2010</ClaimDate>
    <VisitID>SB-2010-09-00005</VisitID>
    <VisitDate>09/09/2010</VisitDate>
    <Patientname>Cross, David</Patientname>
    <ENSStatus>Accepted</ENSStatus>
    <ID>285|55|6|702</ID>
    <ClaimType>Primary</ClaimType>
    <ClaimStatus>Open</ClaimStatus>
    <ClaimCount>0</ClaimCount>
    <HCFADisplayID>CL-2010-09-00004</HCFADisplayID>
    <VisitIDUnique>285</VisitIDUnique>
    <InsuranceCompany>Aetna Health Plans</InsuranceCompany>
    <Comments>dwsdada</Comments>
  </Table>
  <Table>
    <PatientSuperBillId>282</PatientSuperBillId>
    <VisitDisplayDate>09/08/2010</VisitDisplayDate>
    <IsBatch>Y</IsBatch>
    <ClaimID>699</ClaimID>
    <ClaimDate>09/08/2010</ClaimDate>
    <VisitID>SB-2010-09-00002</VisitID>
    <VisitDate>09/08/2010</VisitDate>
    <Patientname>Without Auth_no, Child</Patientname>
    <ENSStatus>Accepted</ENSStatus>
    <ID>282|6533|6|699</ID>
    <ClaimType>Primary</ClaimType>
    <ClaimStatus>Open</ClaimStatus>
    <ClaimCount>0</ClaimCount>
    <HCFADisplayID>CL-2010-09-00001</HCFADisplayID>
    <VisitIDUnique>282</VisitIDUnique>
    <InsuranceCompany>Abrazo</InsuranceCompany>
    <Comments>dsa</Comments>
  </Table>
</NewDataSet>