<publishData>
  <publishTarget publishUrl="\\10.2.2.124\c$\inetpub\wwwroot\ProductionServices\">
    <file relUrl="Web.config" publishTime="05/22/2011 15:10:16" />
    <file relUrl="bin/ElixirLibrary.pdb" publishTime="11/01/2013 18:47:02" />
    <file relUrl="bin/RoutingServiceLibrary.pdb" publishTime="11/01/2013 18:47:06" />
    <file relUrl="bin/SureScriptsLibrary.dll" publishTime="11/01/2013 18:47:05" />
    <file relUrl="bin/TraceLogging.xml" publishTime="11/01/2013 18:47:04" />
    <file relUrl="bin/RoutingServiceLibrary.dll.config" publishTime="05/22/2011 15:10:16" />
    <file relUrl="bin/TraceLogging.pdb" publishTime="11/01/2013 18:47:04" />
    <file relUrl="RoutingServiceLibrary.PrescriptionService.svc" publishTime="11/01/2013 18:47:08" />
    <file relUrl="bin/SureScriptsLibrary.xml" publishTime="11/01/2013 18:47:05" />
    <file relUrl="bin/SureScriptsLibrary.pdb" publishTime="11/01/2013 18:47:05" />
    <file relUrl="bin/RoutingServiceLibrary.dll" publishTime="11/01/2013 18:47:06" />
    <file relUrl="bin/ElixirLibrary.dll" publishTime="11/01/2013 18:47:02" />
    <file relUrl="bin/RoutingServiceLibrary.xml" publishTime="11/01/2013 18:47:06" />
    <file relUrl="bin/ElixirLibrary.xml" publishTime="11/01/2013 18:47:02" />
    <file relUrl="bin/TraceLogging.dll" publishTime="11/01/2013 18:47:04" />
  </publishTarget>
</publishData>