<?xml version="1.0"?>
<MMW>
    <MMWLogging enabled="false" >
        <SQLQuery enabled="false" />
        <ConstructorCall enabled="false" />
        <FunctionCall enabled="false" />
        <CustomLogFileLocation></CustomLogFileLocation>
    </MMWLogging>
    <Global>
	<Connection>
	    <ConnectionString>Data Source=Majid;User Id=apslogin;Password=login123;database=MediSpan</ConnectionString>
            <DataAdapterType>SQL_SERVER</DataAdapterType>
            <DataProviderAssemblyFile></DataProviderAssemblyFile>
 	</Connection>
	<XMLContent>
	    <ContentDir></ContentDir>
        <ContentImageDir></ContentImageDir>
  	</XMLContent>
    </Global>
</MMW>
